セブンさん,わ
セブンさん,こんにちは
セブンさん,明治大学 FMS あはははは
セブンさん,わ
セブンさん,微積分講義第9回雑談回です
セブンさん,標準語のアクセントでは
セブンさん,ずんだもんには負けたくないセブンさんです
セブンさん,わ
セブンさん,今回話題があんまりありません
セブンさん,そのいち
セブンさん,わ
セブンさん,ろぐｘは、ｘを無限大にすると同じように発散します
セブンさん,しかし、ｘぶんのろぐｘで考えると０に収束してしまいます
セブンさん,このことから、ろぐｘは非常にゆっくりと発散する
セブンさん,そういうことがわかります
セブンさん,わ
セブンさん,そこでアルゴリズムの計算量の話をしましょう
セブンさん,つまり、あるアルゴリズムを実行するときに
セブンさん,どのくらいのステップ数を使うかということなのですが
セブンさん,もちろんステップ数が多ければ
セブンさん,時間もかかります
セブンさん,わ
セブンさん,たとえば「ソート」と呼ばれる作業を考えましょう
セブンさん,これはたとえばｎ個の異なる整数が
セブンさん,ランダムに並んだものが与えられたときに、
セブンさん,それを小さい順に並べる作業のことをいいます
セブンさん,わ
セブンさん,素朴に考えますと
セブンさん,左から順に、隣の要素と一つ一つ比較してみて
セブンさん,大小が逆だったら交換するという方法が
セブンさん,考えられます
セブンさん,この作業を続ければ
セブンさん,いずれは小さい順に並ぶようになるように思われます
セブンさん,わ
セブンさん,この場合の計算量をどのように見積もるかということですが
セブンさん,カンタンのため「比較して作業する」回数を
セブンさん,ステップであるとしてみましょう
セブンさん,計算量は「最悪」で見積もります
セブンさん,たとえば、最初から小さい順に並んでいれば
セブンさん,ステップ０で作業は完了します
セブンさん,わ
セブンさん,しかしこれは計算量が０であることを意味しません
セブンさん,最悪を考えるというルールだからです
セブンさん,最悪の場合とは
セブンさん,数が大きい順に並んでいるばあいで
セブンさん,ｎかっこｎたす１わる２回の
セブンさん,比較交換が必要です
セブンさん,わ
セブンさん,これを簡単に言って
セブンさん,要素の個数をｎとしたときに
セブンさん,ｎ2乗の計算量がある
セブンさん,というのです
セブンさん,わ
セブンさん,ソートに感しては
セブンさん,ｎ2乗より早いアルゴリズムが知られており
セブンさん,細かい話はアルゴリズムの教科書を
セブンさん,見てもらえればとおもいますが
セブンさん,計算量がｎろぐｎというアルゴリズムが知られています
セブンさん,わ
セブンさん,ここでｎ2乗とｎログｎとの比較なのですが
セブンさん,表計算ソフトで
セブンさん,見てみましょう
セブンさん,ｎの値を１００から10倍ずつかけていきます
セブンさん,最後はｎ2乗のほうは10の14乗ですが
セブンさん,ｎろぐｎのほうは10の8乗くらいです
セブンさん,ｎが1000万ぐらいだと
セブンさん,速さは100万倍くらい異なることがわかります
セブンさん,わ
セブンさん,このようにろぐｎというのは
セブンさん,非常にゆっくりと
セブンさん,大きくなる関数なのです
セブンさん,わ
セブンさん,ふたつめ
セブンさん,ロピタルの定理の命名のゆらいについて
セブンさん,わ
セブンさん,ロピタルというのは人名で
セブンさん,ギヨーム・ド・ロピタル
セブンさん,という、17世紀生まれのフランス人の数学者です
セブンさん,わ
セブンさん,ロピタルさんの最も顕著な仕事は
セブンさん,微積分の教科書「曲線の微分幾何学」を出版したことです
セブンさん,それまではヨーロッパでは微積分をまとめた教科書はなかったそうで
セブンさん,この教科書をとおして
セブンさん,微積分学はひろくヨーロッパに知れ渡った
セブンさん,とのことです
セブンさん,わ
セブンさん,ロピタルさんはこの本を執筆する過程で
セブンさん,家庭教師としてヨハン・ベルヌーイさんを雇っており
セブンさん,ベルヌーイはロピタルに講義を行うのみならず
セブンさん,自身の最新の数学の定理も伝えていたとのことです
セブンさん,わ
セブンさん,そこでロピタルさんが教科書を執筆するにあたり
セブンさん,ベルヌーイにいくらかの対価を払うかわりに
セブンさん,ベルヌーイの最新研究を教科書に載せたい
セブンさん,と、こう申し出たそうです
セブンさん,わ
セブンさん,そのうえで
セブンさん,教科書は匿名で出版し
セブンさん,教科書の序章ではベルヌーイの助力に対する謝辞をかいています
セブンさん,わ
セブンさん,現実には
セブンさん,教科書の執筆がロピタルさんにものだとひろまり
セブンさん,そこに掲載されている細心の定理は
セブンさん,いつしか「ロピタルの定理」と呼ばれるようになっていた
セブンさん,と、こういうわけです
セブンさん,わ
セブンさん,誰も悪くない！
セブンさん,誰も悪くないとおもうよ
セブンさん,でもロピタルさんが死んだあと
セブンさん,ベルヌーイさんは「僕の定理なんだけどなー」と
セブンさん,カミングアウトしたとのことです
セブンさん,わ
セブンさん,３つめ
セブンさん,わ
セブンさん,話題としてはそれますが
セブンさん,logの真数がマイナスではいけないのかという話
セブンさん,たとえばろぐマイナス１はゆるされるのか？
セブンさん,わ
セブンさん,実数の範囲で考えるのであれば
セブンさん,ろぐｙいこーるｘとｅのｘ乗イコールｙは同じ式
セブンさん,ｅのｘ乗は必ず正の数なので
セブンさん,ろぐの真数はかならず正ということになります
セブンさん,わ
セブンさん,複素数まで考えてよいとすると
セブンさん,オイラーの式というのがあり
セブンさん,虚数単位をルート－１で書くことにすると
セブンさん,ｅの「ルートー１のｘ倍」乗は
セブンさん,コサインたすサインのルートー１倍
セブンさん,である。このことから
セブンさん,ｅの「ルートー１のｘ倍」乗がマイナス１になるのは
セブンさん,ｘが奇数倍のパイになるとき
セブンさん,つまりπ、３π、５πてんてんてん
セブンさん,わ
セブンさん,こういうｘのときはさいんｘは０だが
セブンさん,コサインｘはまいなす１だから
セブンさん,コサインたすサインのルートー１倍のところがまいなす１になるよね
セブンさん,わ
セブンさん,このことから
セブンさん,ろぐまいなす１の値は
セブンさん,奇数かけるπかけるるーとまいなす１
セブンさん,であるといえるけれど
セブンさん,ろぐのアタイがたくさんあるのは困るので
セブンさん,主値という言い方をして
セブンさん,代表的な値を採用することにしているんです
セブンさん,ここで採用された値は
セブンさん,パイルートマイナス１かっこ主値
セブンさん,ということになります
セブンさん,わ
セブンさん,これで第9回をおわります
セブンさん,わ
セブンさん,ご視聴ありがとうございました


