"フレーム","時間","レイヤー","キャラクター","セリフ","発音","ファイル"
"51","00:00:00.8500000","4","セブンさん","こんにちは","コンニチワ'"
"120","00:00:02","4","セブンさん","最近、くだらない雑談が回ってこないセブンです","サイキン'、クダラナイ'/ザツダンガ'/マワッテ'/コ'ナイ/セ'ブンデ_ス"
"349","00:00:05.8166666","4","セブンさん","またもや、ガチ雑談回です","マタ'モヤ、ガチザツダン'カイデ_ス"
"557","00:00:09.2833333","4","セブンさん","微積分講義第31回第3部ガチ回です","ビセキブンコ'オギ/ダ'イ/サ'ンジュウ/イッカ'イ/ダ'イ/サ'ンブ/ガチカ'イデ_ス"
"771","00:00:12.8500000","4","セブンさん","明治大学 FMS あはら先生の提供でお送りします","メエジダ'イガク、エフエムエ'ス、ア'ハラ/センセ'エノ/テエキョオデ'/オオクリ'/シマ'_ス"
"1713","00:00:28.5500000","4","セブンさん","第31回では、指数関数と三角関数のテイラー展開について扱いました","ダ'イ/サ'ンジュウ/イッ'カイデワ、_シスウカンス'ウト/サンカ_クカンス'ウノ/テイラアテ'ンカイニ/ツ'イテ/ア_ツカイマ'_シタ"
"2074","00:00:34.5666666","4","セブンさん","母さん、ぼくのあのタンジェントどうしたでせうね？","カ'アサン、ボ'クノ/アノ'/タ'ンジェント/ド'オ/_シタ'デショオネ？"
"2287","00:00:38.1166666","4","セブンさん","ええ、夏、高階微分からテイラー展開へゆくみちで","エ'エ、ナツ'、コオカイビ'ブンカラ/テイラアテ'ンカイエ/_ユクミチデ'"
"2554","00:00:42.5666666","4","セブンさん","谿底へ落としたあの麥稈タンジェントですよ。","タニ'/ソコエ'/オトシ'タ/アノ'/ムギワラ'/タ'ンジェントデ_スヨ"
"2766","00:00:46.1000000","4","セブンさん","原文は帽子ですね","ゲンブンワ'/ボオシデ'_スネ"
"2873","00:00:47.8833333","4","セブンさん","西城八十の詩「ぼくの帽子」の出だしです","サイジョオ'/ヤ'ソノ/シ'、ボ'クノ/ボオシ'、ノ'/デダシデ'_ス"
"3173","00:00:52.8833333","4","セブンさん","映画の「人間の証明」で引用されたのも有名です","エエガノ'、ニンゲンノ'/ショオメエ'、デ'/インヨオ'/サレタ'/ノモ'/ユウメエデ'_ス"
"3499","00:00:58.3166666","4","セブンさん","と、茶番はこのくらいにしまして、本題に入りますが","ト'、チャバンワ'/コノクライニ'/シマ'_シテ、ホンダイニ'/ハイリマ'_スガ"
"3760","00:01:02.6666666","4","セブンさん","サインとコサインのテイラー展開は","サ'イント/コサ'インノ/テイラアテ'ンカイワ"
"3911","00:01:05.1833333","4","セブンさん","覚えろとも言われたし、形は規則的だし","オボエ'ロトモ/イワレタ'シ、カタチワ'/_キソクテキ'/ダ'シ"
"4125","00:01:08.7500000","4","セブンさん","覚えやすいかはともかく","オボエヤス'イカワ/ト'モカク"
"4241","00:01:10.6833333","4","セブンさん","まぁ、これはこれでいいじゃないですか","マ'ア、コレワ'/コレデ'/イ'イジャナイデ_スカ"
"4462","00:01:14.3666666","4","セブンさん","tanｘのテイラー展開はどこへいったんでせうね","タ'ンジェント/エ'ッ_クス/ノ'/テイラアテ'ンカイワ/ド'コエ/イッタ'ンデ/ショ'オネ"
"4737","00:01:18.9500000","4","セブンさん","まだつづきをやってますが","マ'ダ/ツズキオ'/ヤッテマ'_スガ"
"4855","00:01:20.9166666","4","セブンさん","気にしないでください","キニ'/シナ'イデ/クダサ'イ"
"5006","00:01:23.4333333","4","セブンさん","教科書を調べてもでてないですよね","キョオカ'ショオ/シラベ'テモ/デ'テナイ/デ'_スヨネ"
"5161","00:01:26.0166666","4","セブンさん","知りたくないですか","シリタク'ナイデ_スカ"
"5260","00:01:27.6666666","4","セブンさん","出だしだけ書いておきますね","デダシダケ'/カ'イテ/オキマ'_スネ"
"5434","00:01:30.5666666","4","セブンさん","けっこう、なんか、キタナイですよね","ケ'ッコオ、ナ'ンカ、_キタナ'イデ_スヨネ"
"5629","00:01:33.8166666","4","セブンさん","キタナイって言ってよいかどうかわかりませんが","_キタナ'イッテ/イッテヨイ'カ/ド'オカ/ワカリマセ'ンガ"
"5800","00:01:36.6666666","4","セブンさん","これでは規則性がわからないですし","コレデワ'/_キソ_クセエガ'/ワカラ'ナイデ_スシ"
"6010","00:01:40.1666666","4","セブンさん","と、いうわけで、タンジェントのテイラー展開について","ト'、イウ'/ワ'ケデ、タ'ンジェントノ/テイラアテ'ンカイニ/ツ'イテ"
"6260","00:01:44.3333333","4","セブンさん","ガチ解説します！","ガ_チカ'イセ_ツ/シマ'_ス"
"6355","00:01:45.9166666","4","セブンさん","その準備としてベルヌーイ数というのが必要なんで","ソノ'/ジュ'ンビト/_シテ'/ベルヌウイ'スウト/イウ'/ノガ'/_ヒツヨオナンデ'"
"6563","00:01:49.3833333","4","セブンさん","最初はそこに少し立ち寄ってから","サイショワ'/ソコニ'/_スコ'_シ/タチヨ'ッテカラ"
"6710","00:01:51.8333333","4","セブンさん","タンジェントのほうへ行きます","タ'ンジェントノ/ホ'オエ/イキマ'_ス"
"6828","00:01:53.8000000","4","セブンさん","次のページへ進みます","ツギ'ノ/ペエジエ'/ススミマ'_ス"
"6998","00:01:56.6333333","4","セブンさん","ベルヌーイ数とは、ベルヌーイさんが見つけた数のことですが","ベルヌウイ'スウトワ、ベルヌ'ウイサンガ/ミ_ツケタ'/カ'ズノ/コト'デ_スガ"
"7250","00:02:00.8333333","4","セブンさん","まずはいつもの通り、本人の紹介から入ります","マ'ズワ/イ'ツモノ/トオリ'、ホ'ンニンノ/ショオカイカラ'/ハイリマ'_ス"
"7534","00:02:05.5666666","4","セブンさん","ヤコブ・ベルヌーイ","ヤ'コブ、ベルヌ'ウイ"
"7652","00:02:07.5333333","4","セブンさん","1654から1705","セ'ン/ロッピャク'/ゴジュウ'/ヨ'ンカラ/セ'ン/ナナ'ヒャク/ゴ'"
"7818","00:02:10.3000000","4","セブンさん","バーゼル大学の教授でした","バアゼルダ'イガクノ/キョオジュデ_シタ'"
"7953","00:02:12.5500000","4","セブンさん","いわゆる、天才です","イワユ'ル、テンサイデ'_ス"
"8134","00:02:15.5666666","4","セブンさん","数学史にはベルヌーイという苗字の数学者がたくさん現れますが","スウガ'_クシ/ニ'ワ/ベルヌ'ウイト/イウ'/ミョ'オジノ/スウガク'シャガ/タ_クサン'/アラワレマ'_スガ"
"8408","00:02:20.1333333","7","セブンさん","みんな親戚です。17世紀から18世紀にかけて
少なくとも8人の数学者を輩出した","ミンナ'/シンセキデ'_ス、ジュウナナ'/セ'エ_キカラ/ジュウハッ'/セ'エキニ/カ'ケテ/_スクナ'_クトモ/ハチ'ニンノ/スウガク'シャオ/ハイ_シュツ'/_シタ'"
"8814","00:02:26.9000000","4","セブンさん","名門の家系です","メエモンノ'/カケエデ'_ス"
"8912","00:02:28.5333333","4","セブンさん","そのなかでもヤコブが一番有名と言っていいでしょうね","ソノ'/ナ'カデモ/ヤ'コブガ/イチ'バン/ユウメエト'/イッテイ'イデショオネ"
"9178","00:02:32.9666666","4","セブンさん","ベルヌーイ数といいますが、実際には数列です","ベルヌウイ'スウト/イイマ'_スガ、ジッサイニワ'/スウレツデ'_ス"
"9401","00:02:36.6833333","4","セブンさん","Bｎという記号で書きます","ビイ'/エ'ヌ/ト'/イウ'/キゴオデ'/カキマ'_ス"
"9533","00:02:38.8833333","4","セブンさん","Ｂｎの定義ですが、まずこの関数をみてください","ビイ'/エ'ヌ/ノ'/テ'エギデ_スガ、マ'ズ/コノ'/カンス'ウオ/ミ'テ/クダサ'イ"
"9769","00:02:42.8166666","4","セブンさん","(ｅ^ｘ-１)分のｘという関数を考え、
これをｘ＝０でテイラー展開します","イイエックスジョオ'/_ヒク'/イチブンノ'/エ'ッ_クス/ト'/イウ'/カンス'ウオ/カンガ'エ、コレオ'/エ'ッ_クス/ゼ'ロデ/テイラアテ'ンカイ/シマ'_ス"
"10158","00:02:49.3000000","4","セブンさん","そうすると、ｘが０のときのｎ階微分係数が
係数に出てくるわけですが","ソオスルト'、エ'ッ_クス/ガ'/ゼ'ロノ/ト'キノ/エヌカイビブンケエス'ウガ/ケエス'ウニ/デ'テクル/ワ'ケデ_スガ"
"10499","00:02:54.9833333","4","セブンさん","それをＢｎと書くことにします","ソレオ'/ビイエ'ヌ/ト'/カ'_ク/コト'ニ/シマ'_ス"
"10693","00:02:58.2166666","4","セブンさん","下の式をみてください","_シタノ'/_シキ'オ/ミ'テ/クダサ'イ"
"10807","00:03:00.1166666","4","セブンさん","つまり、この等式を満たすようなＢ１、Ｂ２、テンテンテンのことを","ツ'マリ、コノ'/トオ_シキオ'/ミタ'ス/ヨ'オナ/ビ'イ/イチ'、ビ'イ/ニ'、テンテン'テンノ/コト'オ"
"11151","00:03:05.8500000","4","セブンさん","ベルヌーイ数と呼びます。実際には数列です","ベルヌウイ'スウト/ヨビマ'_ス、ジッサイニワ'/スウレツデ'_ス"
"11371","00:03:09.5166666","4","セブンさん","次のページへ進みます","ツギ'ノ/ペエジエ'/ススミマ'_ス"
"11541","00:03:12.3500000","4","セブンさん","手で計算すると大変なのですが","テ'デ/ケエサン'/スルト'/タイヘンナ'/ノデ'_スガ"
"11692","00:03:14.8666666","4","セブンさん","コンピュータを使うことを許せば、
たとえば１０次くらいまでの項の結果を知ることができます","コンピュ'ウタオ/_ツカウ'/コト'オ/ユル'セバ、タト'エバ/ジュウジク'ライマデノ/コ'オノ/ケッカオ'/シル'/コト'ガ/デキマ'_ス"
"12049","00:03:20.8166666","4","セブンさん","分母が大変なことになっていますが","ブ'ンボガ/タイヘンナ'/コト'ニ/ナ'ッテ/イマ'_スガ"
"12204","00:03:23.4000000","4","セブンさん","ｎ！分の１はカウントしなくてよいので","エヌビック'リ/ブンノ'/イチ'ワ/カウント'/シナ'_クテ/ヨ'イノデ"
"12392","00:03:26.5333333","4","セブンさん","実際にＢ１０までの値は下に書いた通りです","ジッサイニ'/ビ'イ/ジュ'ウマデノ/アタイワ'/_シタニ'/カ'イタ/ト'オリデ_ス"
"12599","00:03:29.9833333","4","セブンさん","全部書いていないようですが
Ｂ３以降の奇数番は全部０なので省略しています","ゼ'ンブ/カ'イテ/イナイ'/ヨ'オデ_スガ/ビ'イ/サンイ'コオノ/_キスウ'バンワ/ゼ'ンブ/ゼ'ロナノデ/ショオリャク'/_シテ'/イマ'_ス"
"12918","00:03:35.3000000","4","セブンさん","これだけをみても規則性があるかどうかはなんだか難しそうですね","コレダケオ'/ミ'テモ/_キソ_クセエガ'/ア'ルカ/ド'オカワ/ナ'ンダカ/ムズカシ'ソオデ_スネ"
"13175","00:03:39.5833333","4","セブンさん","次のページへ進みます","ツギ'ノ/ペエジエ'/ススミマ'_ス"
"13345","00:03:42.4166666","4","セブンさん","ベルヌーイ数はもっと先の方まで計算してみても","ベルヌウイ'スウワ/モ'ット/サキノ'/ホ'オマデ/ケエサン'/_シテ'/ミ'テモ"
"13550","00:03:45.8333333","4","セブンさん","出現する数の様相はなかなか複雑です","_シュツゲン'/スル'/カ'ズノ/ヨオソオワ'/ナカナカ'/_フクザツデ'_ス"
"13742","00:03:49.0333333","4","セブンさん","いくつかの方法で、ベルヌーイ数の一般項を表すような式だったり","イ'_クツカノ/ホオホオデ'、ベルヌウイ'スウノ/イッパ'ンコオオ/アラワ'ス/ヨ'オナ/_シキダッタ'リ"
"14041","00:03:54.0166666","4","セブンさん","漸化式だったり、そういうものは知られていますが、","ゼンカ'_シキ/ダ'ッタリ、ソオユウ'/モノ'ワ/シラレテ'/イマ'_スガ"
"14260","00:03:57.6666666","4","セブンさん","いまは全力スルーします","イ'マワ/ゼンリョ_クス'ルウ/シマ'_ス"
"14385","00:03:59.7500000","4","セブンさん","この数列自体の規則性を探究するのは、それなりに楽しいです","コノ'/スウレツジ'タイノ/_キソ_クセエオ'/タンキュウ'/スル'/ノワ'、ソレナリニ'/タノシ'イデ_ス"
"14679","00:04:04.6500000","4","セブンさん","ちなみに、このべき級数の収束半径は
２πであることが知られていて","チナミニ'、コノ'/ベ_キキュ'ウスウノ/シュウソ_クハ'ンケエワ/ニ'パイデアル/コト'ガ/シラレテ'/イテ'"
"14988","00:04:09.8000000","4","セブンさん","こんな、有理数の係数のべき級数なのに
円周率がでてくるなんて、という代物です","コンナ'、ユウリ'スウノ/ケエス'ウノ/ベ_キキュ'ウスウナノニ/エンシュウ'リツガ/デ'テクルナンテ、ト'/イウ'/シロモノデ'_ス"
"15376","00:04:16.2666666","4","セブンさん","しかし、この数列を使って、いろいろな
難しい計算が解明されたりしていますので","_シカ'シ、コノ'/スウレツオ'/_ツカッテ'、イロイロナ'/ムズカシ'イ/ケエサンガ'/カイメエ'/サレタ'リ/_シテ'/イマ'_スノデ"
"15761","00:04:22.6833333","4","セブンさん","微積分の分野ではなくてはならない数になっています","ビセ'キブンノ/ブ'ンヤデワ、ナ'_クテワ/ナラ'ナイ/カ'ズニ/ナ'ッテ/イマ'_ス"
"16003","00:04:26.7166666","4","セブンさん","次のページへ行きます","ツギ'ノ/ペエジエ'/イキマ'_ス"
"16162","00:04:29.3666666","4","セブンさん","実際に、タンジェントｘのテイラー展開を知りたいわけですが","ジッサイニ'、タ'ンジェント/エ'ッ_クス/ノ'/テイラアテ'ンカイオ/シリタ'イ/ワ'ケデ_スガ"
"16433","00:04:33.8833333","4","セブンさん","その係数を式で書き表そうとすると","ソノ'/ケエス'ウオ/_シキ'デ/カキアラワ'ソオト/スルト'"
"16614","00:04:36.9000000","4","セブンさん","ベルヌーイ数を使わないと表せないような数なのですね","ベルヌウイ'スウオ/_ツカワナイト'/アラワセ'ナイ/ヨ'オナ/カ'ズナ/ノデ'_スネ"
"16846","00:04:40.7666666","4","セブンさん","なにやら大変なことになっていますが","ナ'ニヤラ/タイヘンナ'/コト'ニ/ナ'ッテ/イマ'_スガ"
"17001","00:04:43.3500000","4","セブンさん","いまから、この複雑な式の証明を紹介します","イ'マカラ、コノ'/_フクザツナ'/_シキ'ノ/ショオメエオ'/ショオカイ'/シマ'_ス"
"17237","00:04:47.2833333","4","セブンさん","とは言っても、大学１年に説明するときには、
スルーせざるを得ないような","トワ'/イッテモ'、ダイガク'/イチ'ネンニ/セツメエ'/スル'/ト'キニワ、スル'ウ/セザルオ'/エ'ナイ/ヨ'オナ"
"17571","00:04:52.8500000","4","セブンさん","大人の事情？のようなところもいくつかあり","オトナノ'/ジジョオ'？、ノ'/ヨ'オナ/トコロモ'/イ'_クツカ/ア'リ"
"17780","00:04:56.3333333","4","セブンさん","そこは、ふんわりとオブラートに包みながら説明していきます","ソコワ'、フンワ'リト/オブラ'アトニ/_ツツミナ'ガラ/セツメエ'/_シテ'/イキマ'_ス"
"18164","00:05:02.7333333","4","セブンさん","引き返すならいまだぞ、君たち","_ヒキカ'エスナラ/イ'マダゾ、キミ'タチ"
"18329","00:05:05.4833333","4","セブンさん","ぐふふふふ","グフ'フフフ"
"18451","00:05:07.5166666","4","セブンさん","はいはい、さてさて、ここからはガチですよ","ハイ'ハイ、サ'テサテ、ココカラワ'/ガ'チデ_スヨ"
"18670","00:05:11.1666666","4","セブンさん","まずですねＢ１以外の奇数番が０になることを示しますね","マ'ズデ_スネ/ビ'イ/イチイ'ガイノ/_キスウ'バンガ/ゼ'ロニ/ナ'ル/コト'オ/シメシマ'_スネ"
"18925","00:05:15.4166666","4","セブンさん","ここにはもう一つ性質が書いてありますが、
今日はそれは使わないのでスルーです","ココニワ'/モオ_ヒト'_ツ/セエ_シツガ'/カ'イテ/アリマ'_スガ、キョ'オワ/ソレワ'/_ツカワナ'イノデ/スル'ウデ_ス"
"19299","00:05:21.6500000","4","セブンさん","さて、下に証明が書いてありますので、追ってみますね","サ'テ、_シタニ'/ショオメエガ'/カ'イテ/アリマ'_スノデ、オッテ'/ミマ'_スネ"
"19571","00:05:26.1833333","4","セブンさん","Ｂ１はマイナス２分の１なんで、
この式からｘ１次の項だけを左辺に移行しますね","ビイ'/イ'チワ/マイナスニブンノ'/イチ'ナンデ、コノ'/_シキ'カラ/エ'ッ_クス/イチ'ジノ/コ'オダケオ/サ'ヘンニ/イコオ'/シマ'_スネ"
"19946","00:05:32.4333333","4","セブンさん","つまり、この式を扱うということです","ツ'マリ、コノ'/_シキ'オ/ア_ツカウト'/イウ'/コト'デ_ス"
"20188","00:05:36.4666666","4","セブンさん","まず、通分して式を整理しますね","マ'ズ、ツウブン'/_シテ'/_シキ'オ/セ'エリ/シマ'_スネ"
"20370","00:05:39.5000000","4","セブンさん","そうするとこんな感じの式になります","ソオスルト'/コンナ'/カンジノ'/_シキ'ニ/ナリマ'_ス"
"20529","00:05:42.1500000","4","セブンさん","もっと整理できそうですけど、面倒なのでここでやめました","モ'ット/セ'エリ/デキ'ソオデ_スケド、メンド'オナノデ/ココデ'/ヤメマ'_シタ"
"20832","00:05:47.2000000","4","セブンさん","で、この式をｆ(ｘ)とおきます","デ'、コノ'/_シキ'オ/エフエックスト'/オキマ'_ス"
"21004","00:05:50.0666666","4","セブンさん","ｆ(ｘ)のｎ次近似式を計算すると
偶数次の項しかでてこない、ということを示したい","エ'フ/エ'ッ_クス/ノ'/エヌジ'/キンジ'_シキオ/ケエサン'/スルト'/グウスウ'ジノ/コ'オ_シカ/デ'テ/コ'ナイ、ト'/イウ'/コト'オ/シメ_シタ'イ"
"21377","00:05:56.2833333","4","セブンさん","どうするか","ド'オ/スル'カ"
"21498","00:05:58.3000000","4","セブンさん","じつはこれは簡単で","ジツ'ワ/コレワ'/カンタンデ'"
"21609","00:06:00.1500000","4","セブンさん","ｆ(-ｘ)とｆ(ｘ)とを比較すればいいんだよね","エ'フ/マイナス'/エ'ッ_クス/ト'/エフ'/エ'ッ_クス/ト'オ/_ヒカ_ク'/スレ'バ/イ'イ/ン'ダヨネ"
"21838","00:06:03.9666666","4","セブンさん","もし、ｆ(-ｘ)=ｆ(ｘ)だとすると","モ'シ、エフマ'イナス/エ'ッ_クス/イコオル'/エフエ'ッ_クス/ダ'トスルト"
"22083","00:06:08.0500000","4","セブンさん","これは偶関数とよばれる関数で","コレワ'/グウカンス'ウト/ヨバレル'/カンス'ウデ"
"22241","00:06:10.6833333","4","セブンさん","つまりグラフが左右対称になるんだけど","ツ'マリ/グ'ラフガ/サ'ユウ/タイショオニ'/ナ'ル/ン'ダケド"
"22415","00:06:13.5833333","4","セブンさん","これはね、奇数次の項が全部０になっちゃうんですよ","コレワネ'、_キスウ'ジノ/コ'オガ/ゼ'ンブ/ゼ'ロニ/ナ'ッチャウ/ン'デ_スヨ"
"22696","00:06:18.2666666","4","セブンさん","だって、もし奇数次の項があったら","ダ'ッテ、モ'_シ/キスウ'ジノ/コ'オガ/ア'ッタラ"
"22870","00:06:21.1666666","4","セブンさん","そこにーｘを代入するのと、ただｘを代入するのでは","ソコニ'/マイナス'/エ'ッ_クス/オ'/ダイニュウ'/スル'/ノト'、タ'ダ/エ'ッ_クス/オ'/ダイニュウ'/スル'/ノデ'ワ"
"23172","00:06:26.2000000","4","セブンさん","式が変わっちゃうからね","_シキ'ガ/カワッチャウ'カラネ"
"23280","00:06:28","4","セブンさん","式が変わらないということは","_シキ'ガ/カワラナイト'/イウ'/コト'ワ"
"23408","00:06:30.1333333","4","セブンさん","奇数次の項がない、ってことなんですよ","_キスウ'ジノ/コ'オガ/ナ'イ、ッテ'/コト'ナ/ン'デ_スヨ"
"23643","00:06:34.0500000","4","セブンさん","ま、この証明は話半分でも大丈夫です","マ'、コノ'/ショオメエワ'/ハナ_シハンブ'ンデモ/ダイジョ'オブデ_ス"
"23859","00:06:37.6500000","4","セブンさん","奇数次の項がＢ３以降ない、
ってことだけ押さえておけばだいじょうぶです","_キスウ'ジノ/コ'オガ/ビ'イ/サンイ'コオ/ナ'イ、ッテ'/コトダケ'/オサ'エテ/オケ'バ/ダイジョ'オブデ_ス"
"24160","00:06:42.6666666","4","セブンさん","次のページへすすみます","ツギ'ノ/ペエジエ'/ススミマ'_ス"
"24330","00:06:45.5000000","4","セブンさん","さて、タンジェントｘのテイラー展開を得るためのロードマップです","サ'テ、タ'ンジェント/エ'ッ_クス/ノ'/テイラアテ'ンカイオ/エ'ル/タメ'ノ/ロオドマ'ップデ_ス"
"24611","00:06:50.1833333","6","セブンさん","これはあはら先生の「考える微分積分」
という教科書の演習問題８．２１です","コレワ'/アハラセンセ'エノ、カンガ'エル/ビブンセ'キブン、ト'/イウ'/キョオカ'ショノ/エンシュウモ'ンダイ/ハ'ッテン/ニイイ'チデ_ス"
"25067","00:06:57.7833333","4","セブンさん","カッコ１からカッコ３までありますが、この手順で計算をすれば","カ'ッコイ_チカラ/カ'ッコ/サンマデアリマ'_スガ、コノ'/テジュンデ'/ケエサンオ'/スレ'バ"
"25342","00:07:02.3666666","4","セブンさん","タンジェントｘの式がえられるわけですね","タ'ンジェント/エ'ッ_クス/ノ'/_シキ'ガ/エ'ラレル/ワ'ケデ_スネ"
"25570","00:07:06.1666666","6","セブンさん","ま、厳密にいえば、これは
タンジェントｘのべき級数による表示ができたと","マ'、ゲンミツニ'/イ'エバ、コレワ'/タ'ンジェント/エ'ッ_クス/ノ'/ベ_キキュ'ウスウニ/ヨル'/ヒョオジガ'/デキ'タト"
"25914","00:07:11.9000000","6","セブンさん","そういうことでしかないですが、
実際にこれがテイラー展開になっているのです","ソオユウ'/コト'デ_シカ/ナ'イデ_スガ、ジッサイニ'/コレガ'/テイラアテ'ンカイニ/ナ'ッテ/イル'/ノデ'_ス"
"26223","00:07:17.0500000","6","セブンさん","そういう、技術的な細かい話はおいておいて","ソオユウ'、ギジュツ'テキナ/コマカ'イ/ハナシ'ワ/オイテオ'イテ"
"26452","00:07:20.8666666","6","セブンさん","とりあえず、ベルヌーイ数を含むような、
このべき級数を求めてみましょう","トリア'エズ、ベルヌウイ'スウオ/_フク'ム/ヨ'オナ、コノ'/ベ_キキュ'ウスウオ/モトメ'テ/ミマショ'オ"
"26786","00:07:26.4333333","4","セブンさん","次のページへ進みます","ツギ'ノ/ペエジエ'/ススミマ'_ス"
"26956","00:07:29.2666666","4","セブンさん","まず、この式ですが","マ'ズ、コノ'/_シキ'デ_スガ"
"27084","00:07:31.4000000","4","セブンさん","これは左辺の関数のテイラー展開をもう1回振り返ってみますね","コレワ'/サ'ヘンノ/カンス'ウノ/テイラアテ'ンカイオ/モオイッカ'イ/フリカ'エッテ/ミマ'_スネ"
"27353","00:07:35.8833333","4","セブンさん","こういう形をしていたわけですが、
出だしが１ひく２分のｘになっていました","コオユウ'/カタチオ'/_シテ'/イタ'/ワ'ケデ_スガ、デダシガ'/イチ'/_ヒク'/ニブンノ'/エ'ッ_クス/ニ'/ナ'ッテ/イマ'_シタ"
"27676","00:07:41.2666666","4","セブンさん","もどりまして","モドリマ'_シテ"
"27754","00:07:42.5666666","4","セブンさん","なので、最初の2項をまず書いておいて、
そのあとは偶数項しか現れないということで","ナ'ノデ、サイショノ'/ニ'コオオ/マ'ズ/カ'イテ/オ'イテ、ソノ'/ア'トワ/グウスウ'コオ_シカ/アラワレ'ナイト/イウ'/コト'デ"
"28136","00:07:48.9333333","4","セブンさん","ベルヌーイ数を用いたべき級数の形で書いておきます","ベルヌウイ'スウオ/モチイ'タ/ベ_キキュ'ウスウノ/カタチデ'/カ'イテ/オキマ'_ス"
"28419","00:07:53.6500000","4","セブンさん","ロードマップにはｔ＝２ｓとしたときの式と","ロオドマ'ップニワ/ティ'イ/イコオ'ル/ニエ'スト/_シタ'/ト'キノ/_シキ'ト"
"28623","00:07:57.0500000","4","セブンさん","ｔ＝４ｓとしたときの式を書いてみよ、ということでした","ティ'イ/イコオ'ル/ヨンエ'スト/_シタ'/ト'キノ/_シキ'オ/カ'イテ/ミ'ヨ、ト'/イウ'/コト'デ_シタ"
"28931","00:08:02.1833333","4","セブンさん","なので、単純にこれらを代入した式を
書いてみるという作業をしました","ナ'ノデ、タンジュンニ'/コレ'ラオ/ダイニュウ'/_シタ'/_シキ'オ/カ'イテ/ミ'ルト/イウ'/サ'ギョオオ/シマ'_シタ"
"29236","00:08:07.2666666","4","セブンさん","上の方を式１として、下の方を式２とします","ウエノ'/ホ'オオ/_シキ'イ_チト/_シテ'、_シタノ'/ホ'オオ/_シキ'ニト/シマ'_ス"
"29514","00:08:11.9000000","4","セブンさん","なぜこの式を計算しておくとウレシイのかは、
今のところはまだわかりません","ナ'ゼ/コノ'/_シキ'オ/ケエサン'/_シテ'/オ_クト'/ウレシ'イノカワ、イマノトコロワ'/マ'ダ/ワカリマセ'ン"
"29821","00:08:17.0166666","4","セブンさん","次のページへ進みます","ツギ'ノ/ペエジエ'/ススミマ'_ス"
"29985","00:08:19.7500000","4","セブンさん","ロードマップのカッコ２ということで","ロオドマ'ップノ/カ'ッコニイト/イウ'/コト'デ"
"30134","00:08:22.2333333","4","セブンさん","ハイパボリックタンジェントｓ（tanhｓ）を
計算してください、ということでした","ハイパボリッ_クタ'ンジェント/エ'ス/オ'/ケエサン'/_シテ'/クダサ'イ、ト'/イウ'/コト'デ_シタ"
"30409","00:08:26.8166666","4","セブンさん","これは「タンチ」と呼ぶことにしますが","コレワ'、タ'ンチ、ト'/ヨブ'/コト'ニ/シマ'_スガ"
"30615","00:08:30.2500000","4","セブンさん","タンチはコシュ分のシンチですので","タ'ンチワ/コシュブンノ'/シ'ンチデ_スノデ"
"30758","00:08:32.6333333","4","セブンさん","まずは定義に従って式を書いてみます","マ'ズワ/テ'エギニ/_シタガ'ッテ/_シキ'オ/カ'イテ/ミマ'_ス"
"30982","00:08:36.3666666","4","セブンさん","ロードマップにはこの形を導いてください、と言っているので","ロオドマ'ップニワ/コノ'/カタチオ'/ミチビ'イテ/クダサ'イ、ト'/イッテ'/イル'ノデ"
"31247","00:08:40.7833333","4","セブンさん","そうなるように頑張ります","ソオ'/ナ'ル/ヨ'オニ/ガンバリマ'_ス"
"31415","00:08:43.5833333","4","セブンさん","まずは分母が同じ形にならないと話にならないですね","マ'ズワ/ブ'ンボガ/オナジ'/カタチニ'/ナラ'ナイト/ハナシ'ニ/ナラ'ナイデ_スネ"
"31650","00:08:47.5000000","4","セブンさん","分母分子にｅ^ｓをかけます。で、これ","ブンボブ'ンシニ/イ'イ/ノ'/エスジョオオ'/カケマ'_ス、デ'、コレ'"
"31886","00:08:51.4333333","4","セブンさん","次は分母と分子にｅ^(２ｓ)-１をかけます。で、これ","ツギ'ワ/ブ'ンボト/ブ'ンシニ/イ'イノ/ニイエスジョオ'/_ヒク'/イチ'オ/カケマ'_ス、デ'、コレ'"
"32193","00:08:56.5500000","4","セブンさん","これで分母が「目指す式の分母」と同じになります","コレデ'/ブ'ンボガ、メザ'ス/_シキ'ノ/ブ'ンボ、ト'/オナジニ'/ナリマ'_ス"
"32509","00:09:01.8166666","4","セブンさん","あとは足したり引いたりして
言われた形に変形できることを確認します","ア'トワ/タ_シタ'リ/ヒイタ'リ/_シテ'/イワレタ'/カタチニ'/ヘンケエ'/デキ'ル/コト'オ/カクニン'/シマ'_ス"
"32835","00:09:07.2500000","4","セブンさん","さて、カッコ２のリクエストとしては","サ'テ、カ'ッコニノ/リクエ'_ストト/_シテワ'"
"33005","00:09:10.0833333","4","セブンさん","与えられた式へ変形できることを、示せばよいわけですが","アタエラレタ'/_シキ'エ/ヘンケエ'/デキ'ル/コト'オ、シメ'セバ/ヨ'イ/ワ'ケデ_スガ"
"33264","00:09:14.4000000","4","セブンさん","とはいえ、マル１やマル２の式が
使えないようではどうしようもないですから","ト'ワイエ、マル'イチヤ/マル'ニノ/_シキ'ガ/_ツカエ'ナイ/ヨ'オデワ/ドオシヨオモ'/ナ'イデ_スカラ"
"33569","00:09:19.4833333","4","セブンさん","そこをがんばります","ソコオ'/ガンバリマ'_ス"
"33715","00:09:21.9166666","4","セブンさん","与えられた式の分子なんですけど","アタエラレタ'/_シキ'ノ/ブ'ンシナ/ン'デ_スケド"
"33864","00:09:24.4000000","4","セブンさん","わざわざｅの２ｓ乗たす１をくくりだすようなマネをしています","ワ'ザワザ/イ'イノ/ニイエスジョオ'/タス'/イチ'オ/_ククリダ'ス/ヨ'オナ/マネオ'/_シテ'/イマ'_ス"
"34119","00:09:28.6500000","4","セブンさん","実際にはそれがヒントになっているのですが","ジッサイニワ'/ソレガ'/ヒ'ントニ/ナ'ッテ/イル'/ノデ'_スガ"
"34294","00:09:31.5666666","4","セブンさん","この形にしておくといいですね","コノ'/カタチニ'/_シテ'/オ_クト'/イ'イデ_スネ"
"34434","00:09:33.9000000","4","セブンさん","そうすると、マル１とマル２を使った、最後の式のような形に導けます","ソオスルト'、マル'イ_チト/マル'ニオ/_ツカッタ'、サ'イゴノ/_シキ'ノ/ヨ'オナ/カタチニ'/ミチビケマ'_ス"
"34843","00:09:40.7166666","4","セブンさん","ｓ＝０のところの級数を考えたいと言っているところなので","エ'ス/イコオル'/ゼ'ロノ/トコロノ'/キュウス'ウオ/カンガエタ'イト/イッテ'/イル'/トコロ'ナノデ"
"35107","00:09:45.1166666","4","セブンさん","ｓ分の１を持ち出したくないのですが","エスブンノ'/イチ'オ/モチダ_シタク'/ナ'イノデ_スガ"
"35272","00:09:47.8666666","4","セブンさん","ま、とりあえず、その点は見逃してください","マ'、トリア'エズ、ソノ'/テンワ'/ミノガ_シテ'/クダサ'イ"
"35560","00:09:52.6666666","4","セブンさん","どうしても気に食わないという人は","ドオ_シテ'モ/キニ'/クワ'ナイト/イウ'/_ヒトワ'"
"35702","00:09:55.0333333","4","セブンさん","ｓ倍のtanhｓから始めて全体にｓ倍がかかった式の形で","エスバイノ'/タンチ'/エ'_ス/カラ'/ハジメテ'/ゼンタイニ'/エスバイガ'/カカ'ッタ/_シキ'ノ/カタチデ'"
"35976","00:09:59.6000000","4","セブンさん","議論すれば、だいじょうぶです","ギ'ロン/スレ'バ、ダイジョ'オブデ_ス"
"36123","00:10:02.0500000","4","セブンさん","いまは、ｓ分の１を含む形で、先へ進むことをお許しください","イ'マワ、エスブンノ'/イチ'オ/_フク'ム/カタチデ'、サキエ'/ススム'/コト'オ/オユル_シ'/クダサ'イ"
"36443","00:10:07.3833333","4","セブンさん","次のページへ進みます","ツギ'ノ/ペエジエ'/ススミマ'_ス"
"36613","00:10:10.2166666","4","セブンさん","マル１、マル２の式を代入して","マル'イチ、マル'ニノ/_シキ'オ/ダイニュウ'/_シテ'"
"36799","00:10:13.3166666","4","セブンさん","無限べき級数の項をククルという荒業を繰り出します","ムゲンベ_キキュウスウノ'/コ'オオ/_ククル'ト/イウ'/アラワザオ'/クリダシマ'_ス"
"37035","00:10:17.2500000","4","セブンさん","話はかなり綱渡りのような感じすら受けますが","ハナシ'ワ/カ'ナリ/ツナワ'タリノ/ヨ'オナ/カンジス'ラ/ウケマ'_スガ"
"37242","00:10:20.7000000","4","セブンさん","いちおう、次のような理由から、この計算は大丈夫だと思ってください","イチオオ'、ツギ'ノ/ヨ'オナ/リユウカラ'、コノ'/ケエサンワ'/ダイジョ'オブダト/オモ'ッテ/クダサ'イ"
"37588","00:10:26.4666666","4","セブンさん","まずｓ分の１まわりの話ですが","マ'ズ、エスブンノ'/_イチ'/マワ'リノ/ハナシ'デ_スガ"
"37779","00:10:29.6500000","4","セブンさん","赤い二つの項が消しあいます","アカイ'/_フタツ'ノ/コ'オガ/ケシアイマ'_ス"
"37917","00:10:31.9500000","4","セブンさん","水色の3つの項が消しあいます","ミズイロノ'/ミッツ'ノ/コ'オガ/ケシアイマ'_ス"
"38069","00:10:34.4833333","4","セブンさん","これは無限級数にかかわらないところなので","コレワ'/ムゲン'/キュウス'ウニ/カカワラ'ナイ/トコロナ'ノデ"
"38257","00:10:37.6166666","4","セブンさん","単に項が消しあうだけと思ってください","タ'ンニ/コ'オガ/ケシア'ウダケト/オモ'ッテ/クダサ'イ"
"38473","00:10:41.2166666","4","セブンさん","つぎに無限部分ですが","ツギ'ニ/ムゲン'/ブ'ブンデ_スガ"
"38589","00:10:43.1500000","4","セブンさん","二つ大きなシグマが見えています","_フタツ'/オ'オキナ/シ'グマガ/ミエ'テ/イマ'_ス"
"38737","00:10:45.6166666","4","セブンさん","一つ目のシグマは２ｓをいれたものですが","_ヒトツ'メノ/シ'グマワ/ニイエスオ'/イレタ'/モノ'デ_スガ"
"38923","00:10:48.7166666","4","セブンさん","ｔの収束半径が２πなので","ティ'イ/ノ'/シュウソ_クハ'ンケエガ/ニ'パイナノデ"
"39076","00:10:51.2666666","4","セブンさん","一つ目のシグマの収束半径はπです","_ヒトツ'メノ/シ'グマノ/シュウソ_クハ'ンケエワ/パ'イ/デ'_ス"
"39256","00:10:54.2666666","4","セブンさん","同じように考えて","オナジ'/ヨ'オニ/カンガ'エテ"
"39364","00:10:56.0666666","4","セブンさん","二つ目のシグマの収束半径は","_フタツ'メノ/シ'グマノ/シュウソ_クハ'ンケエワ"
"39521","00:10:58.6833333","4","セブンさん","２分のπです","ニブンノ'/パ'イ/デ'_ス"
"39659","00:11:00.9833333","4","セブンさん","ということは共通の範囲を与える半径、つまり","ト'/イウ'/コト'ワ/キョオツウノ'/ハ'ンイオ/アタエル'/ハ'ンケエ、ツ'マリ"
"39891","00:11:04.8500000","4","セブンさん","ｓの絶対値が２分のπ未満の時には","エ'ス/ノ'/ゼッタ'イチガ/ニブンノ'/パイミ'マンノ/トキ'ニワ"
"40076","00:11:07.9333333","4","セブンさん","この二つの無限のシグマは両方とも「絶対収束」してて","コノ'/_フタツ'ノ/ムゲンノ'/シ'グマワ/リョオホ'オトモ、ゼッタイシュウ'ソク、シ'テテ"
"40376","00:11:12.9333333","4","セブンさん","「和の順序を替えても収束する」ことが保証されます","ワ'ノ/ジュ'ンジョオ/カエテモ'/シュウソ_ク'/スル'、コト'ガ/ホショオ'/サレマ'_ス"
"40663","00:11:17.7166666","4","セブンさん","と、いうわけで、処々の都合たちをなぎ倒しながら","ト'、イウ'/ワ'ケデ、ショ'ショノ/ツゴオ'タチオ/ナギタオシナ'ガラ"
"40916","00:11:21.9333333","4","セブンさん","真ん中のべき級数がえられます","マンナカノ'/ベ_キキュ'ウスウガ/エラレマ'_ス"
"41098","00:11:24.9666666","4","セブンさん","これがタンチを表すべき級数なんですね","コレガ'/タ'ンチオ/アラワ'ス/ベ_キキュ'ウスウ/ナ'ンデ_スネ"
"41330","00:11:28.8333333","4","セブンさん","赤字のコメントは後でよみますので","アカジノ'/コメントワ'/ア'トデ/ヨミマ'_スノデ"
"41485","00:11:31.4166666","4","セブンさん","とりあえず次のページへ進みます","トリア'エズ/ツギ'ノ/ペエジエ'/ススミマ'_ス"
"41685","00:11:34.7500000","4","セブンさん","ここで、いきなり複素数が出てきてビックリするかもしれませんが","ココデ'、イキナリ'/_フクソス'ウガ/デテ'/キ'テ/ビック'リ/スルカモ'/シレマセ'ンガ"
"41956","00:11:39.2666666","4","セブンさん","表面的には、双曲三角関数とフツウの三角関数は","ヒョオメン'テキニワ、ソオ'キョ_ク/サン'カ_ク/カンス'ウト/_フツウノ'/サンカ_クカンス'ウワ"
"42238","00:11:43.9666666","4","セブンさん","複素数を通じてつながってまして","_フクソス'ウオ/ツウジテ'/ツナガッテマ'_シテ"
"42393","00:11:46.5500000","4","セブンさん","タンジェントとタンチが複素数でつながっているというのも","タ'ンジェントト/タ'ンチガ/_フクソス'ウデ/ツナガッテ'/イルト'/イウ'/ノモ'"
"42604","00:11:50.0666666","4","セブンさん","有名なオイラーの公式から導ける、一つの公式に過ぎません","ユウメエナ'/オ'イラアノ/コオ_シキカラ'/ミチビケ'ル、_ヒト'ツノ/コオ_シキニ'/スギマセ'ン"
"42939","00:11:55.6500000","4","セブンさん","なので、あとはタンチのべき級数をここに代入するだけで","ナ'ノデ、ア'トワ/タ'ンチノ/ベ_キキュ'ウスウオ/ココニ'/ダイニュウ'/スルダケデ'"
"43197","00:11:59.9500000","4","セブンさん","タンチは奇数次の項しかないので、ｘｉを入れてｉで割れば","タ'ンチワ/_キスウ'ジノ/コ'オ_シカ/ナ'イノデ、エックスア'イオ/イレテ'/ア'イデ/ワレ'バ"
"43470","00:12:04.5000000","4","セブンさん","その結果は普通に実数のべき級数が得られます","ソノ'/ケッカワ'/_フツウニ'/ジッス'ウノ/ベ_キキュ'ウスウガ/エラレマ'_ス"
"43680","00:12:08","4","セブンさん","最後のところですが、ｉ^(２ｎ-２)のことを","サ'イゴノ/トコロデ'_スガ、ア'イ/ノ'/ニ'/エ'ヌ/_ヒク'/ニジョオノ'/コト'オ"
"43912","00:12:11.8666666","4","セブンさん","(-１)^(ｎ-１)に置き換えていることにも注意しておきます","マイナスイチ'ノ/エ'ヌ/_ヒク'/イチジョオニ'/オ_キカエ'テ/イル'/コト'ニモ/チュ'ウイ/_シテ'/オキマ'_ス"
"44178","00:12:16.3000000","4","セブンさん","で、最後の式がタンジェントをべき級数であらわした式と","デ'、サ'イゴノ/_シキ'ガ/タ'ンジェントオ/ベ_キキュ'ウスウデ/アラワ'_シタ/_シキ'ト"
"44428","00:12:20.4666666","4","セブンさん","そういうことになっています","ソオユウ'/コト'ニ/ナ'ッテ/イマ'_ス"
"46205","00:12:50.0833333","4","セブンさん","さて、こんな話をこの講義にブチこむことが適切かは","サ'テ、コンナ'/ハナシ'オ/コノ'/コ'オギニ/ブ_チコ'ム/コト'ガ/テ_キセ_ツカワ'"
"46461","00:12:54.3500000","4","セブンさん","よくわからないのですが","ヨ'ク/ワカラ'ナイ/ノデ'_スガ"
"46572","00:12:56.2000000","4","セブンさん","ちょっとは面白かったでしょうか","チョ'ットワ/オモシロ'カッタデショオカ"
"46758","00:12:59.3000000","4","セブンさん","これで第31回を終わります","コレデ'/ダ'イ/サ'ンジュウ/イッカ'イオ/オワリマ'_ス"
"46961","00:13:02.6833333","4","セブンさん","ご視聴ありがとうございました","ゴシ'チョオアリガトオ/ゴザイマ'_シタ"
"1137","00:00:18.9500000","4","セブンさん","どうでもいい話なんですが「第3部ガチ回」が","ド'オデモ/イ'イ/ハナシ'ナ/ン'デ_スガ、ダ'イ/サン'ブ/ガチ'カイ、ガ'"
"1378","00:00:22.9666666","4","セブンさん","「第3部が近い」と聞こえてしまうことに気が付きました。エヘン","ダ'イ/サン'ブガ/_チカ'イ、ト'/_キコエテ'/シマウ'/コト'ニ/キガ_ツキマ'_シタ、エ'ヘン"
"44580","00:12:23","4","セブンさん","さて、少し戻りまして、ロードマップのカッコ２について","サ'テ、_スコ'シ/モドリマ'_シテ、ロオドマ'ップノ/カ'ッコニイニ/ツ'イテ"
"44860","00:12:27.6666666","4","セブンさん","こんなの思いつくハズがない、無理だ、と","コンナ'ノ/オモイツ'_ク/ハ'ズガ/ナ'イ、ム'リダ、ト'"
"45066","00:12:31.1000000","4","セブンさん","そう思うかもしれません","ソオ'/オモ'ウカモ/シレマセ'ン"
"45176","00:12:32.9333333","4","セブンさん","しかし、タンチのテイラー展開と、
ベルヌーイ数のべき級数を比較したとき","_シカ'シ、タ'ンチノ/テイラアテ'ンカイト、ベルヌウイ'スウノ/ベ_キキュ'ウスウオ/_ヒカク'/_シタ'/ト'キ"
"45879","00:12:44.6500000","4","セブンさん","この部分を見つけることは、言うほど難しくはないかもと思います","コノ'/ブ'ブンオ/ミ_ツケル'/コト'ワ、イウホド'/ムズカシ'クワナイカモト/オモイマ'_ス"
"45520","00:12:38.6666666","4","セブンさん","推測で見つけるのは「ー４^ｎ+１６^ｎ」の部分であって","スイソクデ'/ミ_ツケル'/ノワ'、マイナスヨ'ン/エヌジョオ'/プ'ラス/ジュウロク'/エヌジョオ'、ノ'/ブ'ブンデアッテ"
"18093","00:05:01.5500000","4","セブンさん","ぐふふふふ","グフ'フフフ"
